dataset,problem,expected,predicted,is_correct,model_raw_output
decimal,-45.4 - -36.5,-8.9,9.9,False,9.9
decimal,62.62 - -83.64,146.26,-21.02,False,-21.02
decimal,-6.33 + -78.45,-84.78,-84.78,True,-84.78
decimal,-60.59 + -20.71,-81.3,-81.3,True,-81.3
decimal,88.91 + 95.6,184.51,184.51,True,184.51
decimal,-37.68 - -29.98,-7.7,7.7,False,7.7
decimal,-84.67 - -42.64,-42.03,41.03,False,41.03
decimal,40.98 - -4.86,45.84,36.12,False,36.12
decimal,43.51 - -74.75,118.26,-31.24,False,-31.24
decimal,-40.91 - 47.34,-88.25,-106.25,False,-106.25
decimal,-69.6 - 13.66,-83.26,-83.26,True,-83.26
decimal,44.56 - -25.63,70.19,18.93,False,18.93
decimal,23.49 + -43.26,-19.77,-19.77,True,-19.77
decimal,-74.7 + 7.94,-66.76,82.64,False,82.64
decimal,56.41 - 19.57,36.84,36.84,True,36.84
decimal,3.93 + 2.55,6.48,6.48,True,6.48
decimal,82.25 + -36.77,45.48,45.48,True,45.48
decimal,-56.63 - -12.29,-44.34,44.34,False,44.34
decimal,11.79 + -79.18,-67.39,-67.39,True,-67.39
decimal,99.27 - 8.61,90.66,90.66,True,90.66
decimal,90.28 - 93.16,-2.88,-2.88,True,-2.88
decimal,49.05 - 70.39,-21.34,-21.34,True,-21.34
decimal,-37.17 + -4.98,-42.15,-42.15,True,-42.15
decimal,21.57 - -52.18,73.75,-31.61,False,-31.61
decimal,92.24 + 69.71,161.95,161.95,True,161.95
decimal,-52.18 - 13.81,-65.99,-65.99,True,-65.99
decimal,-86.31 - 21.77,-108.08,64.54,False,64.54
decimal,-17.98 - -42.83,24.85,-25.85,False,-25.85
decimal,85.39 + -0.7,84.69,84.69,True,84.69
decimal,28.9 + 76.86,105.76,105.76,True,105.76
decimal,71.57 - -70.58,142.15,0.99,False,0.99
decimal,21.4 + 32.44,53.84,53.84,True,53.84
decimal,-17.64 - -76.25,58.61,-58.61,False,-58.61
decimal,61.15 + -99.66,-38.51,-38.51,True,-38.51
decimal,7.52 - -30.88,38.4,-22.36,False,-22.36
decimal,-7.57 - 74.64,-82.21,-78.21,False,-78.21
decimal,-76.73 - -44.74,-31.99,31.99,False,31.99
decimal,37.68 + 74.61,112.29,112.29,True,112.29
decimal,-58.22 + -26.7,-84.92,-84.92,True,-84.92
decimal,8.15 - -78.93,87.08,-70.78,False,-70.78
decimal,32.53 + 10.75,43.28,43.28,True,43.28
decimal,-23.46 - 39.84,-63.3,-62.34,False,-62.34
decimal,12.71 + 5.3,18.01,18.01,True,18.01
decimal,88.92 + -0.88,88.04,88.92,False,88.92 - 0.
decimal,-54.65 + -16.4,-71.05,-70.05,False,-70.05
decimal,-6.42 - 44.39,-50.81,-48.81,False,-48.81
decimal,10.01 - 79.54,-69.53,-69.53,True,-69.53
decimal,-76.25 + -33.08,-109.33,-109.33,True,-109.33
decimal,44.56 - 20.07,24.49,24.49,True,24.49
decimal,90.61 - -41.17,131.78,49.44,False,49.44
decimal,41.03 - 7.36,33.67,33.67,True,33.67
decimal,70.18 - -70.09,140.27,0.09,False,0.09
decimal,73.3 + 58.0,131.3,131.3,True,131.3
decimal,-19.82 - -30.64,10.82,-49.46,False,-49.46
decimal,77.89 - -99.58,177.47,-22.69,False,-22.69
decimal,58.38 + 36.61,94.99,94.99,True,94.99
decimal,24.44 - -56.03,80.47,-32.59,False,-32.59
decimal,75.97 + 79.75,155.72,155.72,True,155.72
decimal,7.07 + -41.38,-34.31,-34.31,True,-34.31
decimal,50.37 - -25.91,76.28,24.46,False,24.46
decimal,-86.6 - -77.3,-9.3,9.3,False,9.3
decimal,-42.17 + -37.19,-79.36,-5.98,False,-5.98
decimal,96.56 + 69.71,166.27,166.27,True,166.27
decimal,-72.13 + 83.22,11.09,11.09,True,11.09
decimal,-37.5 + -79.75,-117.25,-117.25,True,-117.25
decimal,-22.53 - -49.49,26.96,26.04,False,26.04
decimal,25.81 + 15.08,40.89,41.89,False,41.89
decimal,-23.07 + 62.31,39.24,39.24,True,39.24
decimal,1.32 + 46.67,47.99,48.99,False,48.99
decimal,-87.15 - -93.65,6.5,-6.5,False,-6.5
decimal,24.7 + -17.83,6.87,6.87,True,6.87
decimal,-3.22 + 3.62,0.4,0.4,True,0.4
decimal,75.89 - -55.78,131.67,20.11,False,20.11
decimal,80.04 - -71.87,151.91,8.17,False,8.17
decimal,60.16 + -46.47,13.69,13.69,True,13.69
decimal,-69.05 + 39.47,-29.58,108.52,False,108.52
decimal,67.09 - 69.55,-2.46,-2.46,True,-2.46
decimal,-74.66 + 46.96,-27.7,21.6,False,21.6
decimal,-22.75 + -27.8,-50.55,-46.55,False,-46.55
decimal,-89.23 + -35.28,-124.51,-124.51,True,-124.51
decimal,23.96 - 32.12,-8.16,-8.16,True,-8.16
decimal,-13.95 + 55.12,41.17,41.17,True,41.17
decimal,41.88 + 52.44,94.32,94.32,True,94.32
decimal,-75.83 + -34.71,-110.54,40.12,False,40.12
decimal,49.9 - 84.02,-34.12,-34.12,True,-34.12
decimal,46.35 + -6.64,39.71,39.71,True,39.71
decimal,66.99 + -13.21,53.78,53.78,True,53.78
decimal,-67.83 + 99.4,31.57,-31.43,False,-31.43
decimal,-6.16 + -13.09,-19.25,-20.25,False,-20.25
decimal,-25.56 - -47.58,22.02,-22.02,False,-22.02
decimal,-67.65 - -30.04,-37.61,37.61,False,37.61
decimal,-72.06 - -21.98,-50.08,50.08,False,50.08
decimal,31.05 - 16.37,14.68,14.68,True,14.68
decimal,-40.99 + -30.29,-71.28,-71.28,True,-71.28
decimal,17.14 + -73.45,-56.31,-56.31,True,-56.31
decimal,-37.73 - -99.57,61.84,-61.16,False,-61.16
decimal,77.44 - -51.4,128.84,26.04,False,26.04
decimal,-79.85 + -18.49,-98.34,-98.34,True,-98.34
decimal,19.51 - -80.11,99.62,-61.6,False,-61.6
decimal,40.21 + -37.17,3.04,3.04,True,3.04
decimal,-75.75 + 59.95,-15.8,35.2,False,35.2
decimal,52.31 + -91.33,-39.02,-39.02,True,-39.02
decimal,-93.52 - 9.87,-103.39,-103.39,True,-103.39
decimal,77.69 + -63.54,14.15,14.15,True,14.15
decimal,72.14 + 88.95,161.09,161.09,True,161.09
decimal,-93.18 - 41.36,-134.54,-33.82,False,-33.82
decimal,71.05 + -86.03,-14.98,-14.98,True,-14.98
decimal,70.78 - 49.34,21.44,21.44,True,21.44
decimal,-20.73 + 34.83,14.1,15.1,False,15.1
decimal,54.71 - -38.16,92.87,16.55,False,16.55
decimal,68.05 + -25.58,42.47,42.47,True,42.47
decimal,37.2 + -71.09,-33.89,-33.89,True,-33.89
decimal,-77.55 + 33.27,-44.28,10.72,False,10.72
decimal,85.33 + 87.35,172.68,172.68,True,172.68
decimal,-51.02 + 15.86,-35.16,-35.16,True,-35.16
decimal,-95.89 - 31.77,-127.66,-127.66,True,-127.66
decimal,-83.51 - 37.12,-120.63,46.39,False,46.39
decimal,-44.02 + -84.67,-128.69,-128.69,True,-128.69
decimal,26.5 - 58.11,-31.61,-31.61,True,-31.61
decimal,-20.73 + -31.6,-52.33,-52.33,True,-52.33
decimal,-74.68 - -44.89,-29.79,29.79,False,29.79
decimal,-1.69 + 9.67,7.98,8.98,False,8.98
decimal,-38.89 - 56.22,-95.11,-114.11,False,-114.11
decimal,56.62 + -63.59,-6.97,-6.97,True,-6.97
decimal,-79.14 + -42.92,-122.06,-122.06,True,-122.06
decimal,-75.12 + -66.71,-141.83,8.41,False,8.41
decimal,-98.07 - -50.23,-47.84,47.84,False,47.84
decimal,10.78 + 88.93,99.71,99.71,True,99.71
decimal,-7.45 + 72.25,64.8,64.8,True,64.8
decimal,21.42 + 1.11,22.53,22.53,True,22.53
decimal,10.67 + 5.69,16.36,16.36,True,16.36
decimal,-86.82 - -27.7,-59.12,58.12,False,58.12
decimal,5.64 + 90.74,96.38,95.38,False,95.38
decimal,-87.27 + 92.38,5.11,5.11,True,5.11
decimal,-25.2 + 39.45,14.25,14.25,True,14.25
decimal,-8.18 + -21.78,-29.96,-29.96,True,-29.96
decimal,-10.21 - 29.77,-39.98,-39.98,True,-39.98
decimal,36.85 - -43.75,80.6,-2.9,False,-2.9
decimal,17.81 + 66.14,83.95,84.95,False,84.95
decimal,67.16 - -48.78,115.94,18.38,False,18.38
decimal,-4.58 - -99.68,95.1,-95.1,False,-95.1
decimal,5.29 + -55.28,-49.99,-49.99,True,-49.99
decimal,66.57 + -26.71,39.86,-39.14,False,-39.14
decimal,63.67 - 62.47,1.2,1.2,True,1.2
decimal,70.45 - -21.67,92.12,48.78,False,48.78
decimal,14.98 + 7.78,22.76,22.76,True,22.76
decimal,-26.61 - -93.15,66.54,-66.46,False,-66.46
decimal,26.13 - 26.86,-0.73,-0.73,True,-0.73
decimal,82.12 + -85.71,-3.59,-3.59,True,-3.59
decimal,35.51 - -64.59,100.1,-29.08,False,-29.08
decimal,-66.89 + -65.14,-132.03,1.15,False,1.15
decimal,-57.77 + 24.68,-33.09,-33.09,True,-33.09
decimal,-26.57 + 87.6,61.03,61.03,True,61.03
decimal,-70.62 + 46.16,-24.46,-24.46,True,-24.46
decimal,6.98 + -97.84,-90.86,-90.86,True,-90.86
decimal,92.18 - 17.9,74.28,74.28,True,74.28
decimal,-30.82 + -54.25,-85.07,-84.07,False,-84.07
decimal,18.79 - -99.91,118.7,18.79,False,18.79 + 99.
decimal,73.77 + -44.59,29.18,29.18,True,29.18
decimal,-49.75 + 41.16,-8.59,-8.59,True,-8.59
decimal,-49.82 + 90.82,41.0,40.99,False,40.99
decimal,25.38 - -31.47,56.85,-5.09,False,-5.09
decimal,9.94 - -27.78,37.72,17.12,False,17.12
decimal,-61.56 + -28.64,-90.2,-90.2,True,-90.2
decimal,48.61 - 51.72,-3.11,-3.11,True,-3.11
decimal,-17.9 - -10.15,-7.75,7.85,False,7.85
decimal,5.92 + -63.44,-57.52,-57.52,True,-57.52
decimal,-39.88 - -71.45,31.57,-32.57,False,-32.57
decimal,59.66 + 82.38,142.04,142.04,True,142.04
decimal,80.52 - 75.11,5.41,5.41,True,5.41
decimal,63.98 + -95.97,-31.99,-32.99,False,-32.99
decimal,94.02 + -69.45,24.57,24.57,True,24.57
decimal,76.53 - 25.21,51.32,51.32,True,51.32
decimal,68.38 - -76.67,145.05,8.29,False,8.29
decimal,-15.63 - 45.76,-61.39,-61.39,True,-61.39
decimal,68.74 - 61.31,7.43,7.43,True,7.43
decimal,39.39 + 44.06,83.45,83.45,True,83.45
decimal,-96.72 - 25.44,-122.16,71.28,False,71.28
decimal,-55.05 - 2.73,-57.78,-57.78,True,-57.78
decimal,-5.35 + 97.47,92.12,92.12,True,92.12
decimal,-30.83 - 81.19,-112.02,-112.02,True,-112.02
decimal,-13.6 + 26.33,12.73,12.73,True,12.73
decimal,78.46 - -97.6,176.06,-18.14,False,-18.14
decimal,26.75 + 48.95,75.7,75.7,True,75.7
decimal,69.39 + 92.47,161.86,161.86,True,161.86
decimal,-85.15 - -86.67,1.52,1.42,False,1.42
decimal,31.18 - -36.43,67.61,-5.25,False,-5.25
decimal,-82.21 - 53.47,-135.68,28.74,False,28.74
decimal,62.65 - -74.88,137.53,12.77,False,12.77
decimal,-96.89 - -58.11,-38.78,38.78,False,38.78
decimal,36.59 + 14.71,51.3,51.3,True,51.3
decimal,38.71 - 52.21,-13.5,-13.5,True,-13.5
decimal,10.43 + 9.78,20.21,20.21,True,20.21
decimal,-41.8 - 51.58,-93.38,-113.38,False,-113.38
decimal,-82.08 + 62.86,-19.22,-19.22,True,-19.22
decimal,19.18 + -98.74,-79.56,-79.56,True,-79.56
decimal,-85.02 + 45.25,-39.77,-39.77,True,-39.77
decimal,-12.04 - -93.17,81.13,119.23,False,119.23
decimal,45.87 - 17.82,28.05,27.05,False,27.05
decimal,-34.38 + 52.31,17.93,18.93,False,18.93
decimal,98.03 - 24.02,74.01,74.01,True,74.01
decimal,62.91 + 39.71,102.62,102.62,True,102.62
decimal,9.73 + -91.83,-82.1,-82.1,True,-82.1
decimal,48.0 + 95.48,143.48,143.48,True,143.48
decimal,-82.83 - -55.5,-27.33,27.33,False,27.33
decimal,53.99 - 6.79,47.2,47.2,True,47.2
decimal,-56.49 + 58.17,1.68,1.99,False,1.99
decimal,-15.06 + 0.69,-14.37,-14.37,True,-14.37
decimal,-80.2 + 88.02,7.82,8.82,False,8.82
decimal,-28.38 - 55.36,-83.74,-27.98,False,-27.98
decimal,-75.24 + 53.97,-21.27,28.73,False,28.73
decimal,36.54 - 36.33,0.21,0.21,True,0.21
decimal,-78.32 - -98.03,19.71,-20.71,False,-20.71
decimal,-92.06 - -48.88,-43.18,39.18,False,39.18
decimal,-43.12 + 29.8,-13.32,12.68,False,12.68
decimal,-90.47 - 70.88,-161.35,-161.35,True,-161.35
decimal,61.01 - 5.35,55.66,55.66,True,55.66
decimal,-68.25 + 93.25,25.0,25.0,True,25
decimal,48.15 - -52.03,100.18,-4.88,False,-4.88
decimal,20.71 - -77.3,98.01,-56.59,False,-56.59
decimal,95.42 - 61.19,34.23,34.23,True,34.23
decimal,-89.84 - -98.38,8.54,-10.54,False,-10.54
decimal,64.64 + 94.37,159.01,158.01,False,158.01
decimal,-45.54 + 83.64,38.1,38.1,True,38.1
decimal,2.79 - 16.75,-13.96,-14.96,False,-14.96
decimal,50.07 - 22.82,27.25,27.25,True,27.25
decimal,40.43 + 66.28,106.71,106.71,True,106.71
decimal,96.87 - 2.48,94.39,94.39,True,94.39
decimal,98.73 - -53.31,152.04,45.42,False,45.42
decimal,-72.2 + 71.58,-0.62,1.42,False,1.42
decimal,27.7 - 44.26,-16.56,-16.56,True,-16.56
decimal,-34.24 - -75.96,41.72,58.72,False,58.72
decimal,87.8 + 61.74,149.54,149.54,True,149.54
decimal,85.45 + -8.53,76.92,76.92,True,76.92
decimal,84.54 + 87.69,172.23,172.23,True,172.23
decimal,6.25 - 94.78,-88.53,-88.53,True,-88.53
decimal,-94.51 - 35.8,-130.31,-130.31,True,-130.31
decimal,63.48 + -37.31,26.17,26.17,True,26.17
decimal,89.93 - 35.26,54.67,54.67,True,54.67
decimal,-35.16 - 54.86,-90.02,-19.7,False,-19.7
decimal,56.17 + 16.87,73.04,73.04,True,73.04
decimal,-19.46 + -16.82,-36.28,-34.28,False,-34.28
decimal,-24.12 - -8.12,-16.0,16.0,False,16
decimal,-54.34 + -77.07,-131.41,-123.41,False,-123.41
decimal,20.27 + -25.48,-5.21,-5.21,True,-5.21
decimal,-77.59 - -86.36,8.77,8.21,False,8.21
decimal,-84.38 + -75.16,-159.54,9.22,False,9.22
decimal,-41.9 - -29.88,-12.02,11.02,False,11.02
decimal,28.88 - 66.42,-37.54,-37.54,True,-37.54
decimal,-76.95 - 83.87,-160.82,-107.82,False,-107.82
decimal,-11.64 - 72.81,-84.45,-84.45,True,-84.45
decimal,66.64 + -35.84,30.8,30.8,True,30.8
decimal,-2.89 - 38.1,-40.99,-40.99,True,-40.99
decimal,51.79 - -17.82,69.61,33.97,False,33.97
decimal,-41.59 + 30.96,-10.63,10.37,False,10.37
decimal,-79.45 + 14.45,-65.0,-65.0,True,-65
decimal,-91.1 - -76.92,-14.18,14.18,False,14.18
decimal,-87.9 + 30.83,-57.07,18.03,False,18.03
decimal,95.98 - 28.12,67.86,67.86,True,67.86
decimal,-64.56 - 35.57,-100.13,-99.13,False,-99.13
decimal,-75.75 + 18.28,-57.47,-57.47,True,-57.47
decimal,9.5 - -71.95,81.45,-62.45,False,-62.45
decimal,23.1 + -81.22,-58.12,-58.12,True,-58.12
decimal,-76.87 + 81.63,4.76,4.76,True,4.76
decimal,-74.17 - 88.88,-163.05,-114.69,False,-114.69
decimal,57.24 - -47.86,105.1,9.38,False,9.38
decimal,-34.27 + 50.47,16.2,15.2,False,15.2
decimal,-76.42 + -98.91,-175.33,-173.33,False,-173.33
decimal,-55.88 - -81.47,25.59,25.61,False,25.61
decimal,-53.98 + -96.31,-150.29,-143.29,False,-143.29
decimal,-10.14 - 64.67,-74.81,-74.81,True,-74.81
decimal,-42.59 + 94.41,51.82,52.82,False,52.82
decimal,-51.83 - -36.44,-15.39,15.39,False,15.39
decimal,-97.58 - 10.99,-108.57,-108.57,True,-108.57
decimal,52.27 + 81.62,133.89,133.89,True,133.89
decimal,91.99 - 17.94,74.05,73.05,False,73.05
decimal,-48.3 - -98.53,50.23,-50.83,False,-50.83
decimal,65.87 + 75.8,141.67,141.67,True,141.67
decimal,-75.51 - 81.15,-156.66,-5.64,False,-5.64
decimal,17.9 - -27.51,45.41,17.9,False,17.9 + 27.
decimal,74.29 - -81.75,156.04,-7.46,False,-7.46
decimal,93.91 - 78.32,15.59,15.59,True,15.59
decimal,97.7 + -54.07,43.63,43.63,True,43.63
decimal,-53.23 + 53.62,0.39,6.39,False,6.39
decimal,12.72 - -38.89,51.61,-25.17,False,-25.17
decimal,23.03 + 24.8,47.83,47.83,True,47.83
decimal,78.77 - -94.39,173.16,-16.62,False,-16.62
decimal,-98.66 - -56.21,-42.45,42.45,False,42.45
decimal,-98.99 + -18.69,-117.68,-117.68,True,-117.68
decimal,-78.48 - 1.98,-80.46,-80.46,True,-80.46
decimal,39.25 - 38.13,1.12,1.12,True,1.12
decimal,91.54 + 90.45,181.99,182.99,False,182.99
decimal,-4.89 + -27.33,-32.22,-31.22,False,-31.22
decimal,34.47 - -56.51,90.98,-22.04,False,-22.04
decimal,89.72 - 87.7,2.02,1.02,False,1.02
decimal,-60.31 + 11.47,-48.84,-48.84,True,-48.84
decimal,0.07 - 97.32,-97.25,-97.25,True,-97.25
decimal,85.71 - 90.59,-4.88,-4.88,True,-4.88
decimal,34.75 + 4.53,39.28,39.28,True,39.28
decimal,31.68 - 18.55,13.13,13.13,True,13.13
decimal,-35.46 + 2.44,-33.02,-33.02,True,-33.02
decimal,93.12 + 61.07,154.19,154.19,True,154.19
decimal,-31.58 - 8.19,-39.77,-39.77,True,-39.77
decimal,-35.95 - -92.12,56.17,-117.07,False,-117.07
decimal,1.64 + 6.24,7.88,7.88,True,7.88
decimal,12.45 + 94.89,107.34,107.34,True,107.34
decimal,38.31 - 24.02,14.29,14.29,True,14.29
decimal,-44.32 - 8.27,-52.59,-52.59,True,-52.59
decimal,-88.56 - 69.51,-158.07,19.05,False,19.05
decimal,-2.03 - 76.54,-78.57,-78.57,True,-78.57
decimal,52.7 - 85.23,-32.53,-32.53,True,-32.53
decimal,-55.44 - 32.46,-87.9,-87.9,True,-87.9
decimal,-96.59 + 99.5,2.91,195.09,False,195.09
decimal,-15.08 + -25.62,-40.7,-40.7,True,-40.7
decimal,-70.57 + -80.88,-151.45,-111.45,False,-111.45
decimal,89.61 - -0.74,90.35,88.87,False,88.87
decimal,-98.03 - 78.42,-176.45,-175.45,False,-175.45
decimal,90.32 + 66.22,156.54,56.54,False,56.54
decimal,-86.03 + -35.33,-121.36,50.7,False,50.7
decimal,93.55 + 28.83,122.38,122.38,True,122.38
decimal,95.29 + -52.98,42.31,42.31,True,42.31
decimal,-36.61 + 98.3,61.69,62.69,False,62.69
decimal,-81.47 + -36.14,-117.61,-117.61,True,-117.61
decimal,81.92 + -70.62,11.3,11.3,True,11.3
decimal,-60.87 - 51.41,-112.28,9.46,False,9.46
decimal,-97.62 - 8.97,-106.59,-106.59,True,-106.59
decimal,-43.14 - -61.65,18.51,-18.51,False,-18.51
decimal,41.31 - 67.59,-26.28,-26.28,True,-26.28
decimal,-88.73 + -56.59,-145.32,-32.14,False,-32.14
decimal,96.5 - 7.9,88.6,88.6,True,88.6
decimal,-96.36 - -13.96,-82.4,82.4,False,82.4
decimal,-80.5 + -45.38,-125.88,-125.88,True,-125.88
decimal,-65.18 + -51.06,-116.24,-14.12,False,-14.12
decimal,53.92 - 40.29,13.63,13.63,True,13.63
decimal,-56.38 + 17.01,-39.37,-39.37,True,-39.37
decimal,-99.54 - 49.85,-149.39,49.69,False,49.69
decimal,-95.23 + 80.99,-14.24,15.76,False,15.76
decimal,-70.76 - 10.89,-81.65,-81.65,True,-81.65
decimal,34.08 - -11.26,45.34,22.82,False,22.82
decimal,-40.71 - -71.33,30.62,-31.62,False,-31.62
decimal,-95.72 + -73.59,-169.31,-169.31,True,-169.31
decimal,-73.31 + -0.76,-74.07,-72.55,False,-72.55
decimal,-56.02 + -84.44,-140.46,-128.46,False,-128.46
decimal,-2.88 - -36.19,33.31,-34.31,False,-34.31
decimal,50.51 + -75.12,-24.61,-24.61,True,-24.61
decimal,28.41 - 42.89,-14.48,-14.48,True,-14.48
decimal,-3.52 + 58.73,55.21,62.21,False,62.21
decimal,31.96 - 1.21,30.75,30.75,True,30.75
decimal,-3.64 + 63.39,59.75,66.75,False,66.75
decimal,-29.97 + 28.18,-1.79,-1.79,True,-1.79
decimal,79.98 + -93.87,-13.89,-13.89,True,-13.89
decimal,43.89 + 76.72,120.61,120.61,True,120.61
decimal,77.79 - 68.22,9.57,9.57,True,9.57
decimal,-1.44 - -64.41,62.97,-63.97,False,-63.97
decimal,-60.71 + -24.76,-85.47,-85.47,True,-85.47
decimal,-30.9 + 60.25,29.35,29.35,True,29.35
decimal,-53.4 - -59.33,5.93,-5.93,False,-5.93
decimal,73.72 - 62.52,11.2,11.2,True,11.2
decimal,-31.44 - -80.8,49.36,10.36,False,10.36
decimal,10.08 + 54.57,64.65,64.65,True,64.65
decimal,28.97 + -13.1,15.87,15.87,True,15.87
decimal,76.7 + -35.07,41.63,41.63,True,41.63
decimal,60.28 + 74.18,134.46,134.46,True,134.46
decimal,-52.22 - 12.91,-65.13,39.31,False,39.31
decimal,-97.08 - 98.83,-195.91,-1.75,False,-1.75
decimal,82.21 + -17.87,64.34,64.34,True,64.34
decimal,48.67 - 25.23,23.44,23.44,True,23.44
decimal,97.57 + -24.96,72.61,72.61,True,72.61
decimal,81.79 - 66.28,15.51,15.51,True,15.51
decimal,70.06 + 64.75,134.81,134.81,True,134.81
decimal,-83.09 + 66.13,-16.96,-17.96,False,-17.96
decimal,-51.57 - 91.15,-142.72,-141.72,False,-141.72
decimal,-89.89 - 31.2,-121.09,-120.09,False,-120.09
decimal,60.68 - -76.8,137.48,-16.12,False,-16.12
decimal,55.78 + -61.73,-5.95,-5.95,True,-5.95
decimal,-88.82 - -39.54,-49.28,49.28,False,49.28
decimal,-26.18 + 77.6,51.42,51.42,True,51.42
decimal,-29.12 - -8.92,-20.2,20.2,False,20.2
decimal,70.61 + 40.49,111.1,111.1,True,111.1
decimal,26.37 + 40.35,66.72,66.72,True,66.72
decimal,-51.06 - 77.23,-128.29,-26.17,False,-26.17
decimal,-73.13 - -56.52,-16.61,16.61,False,16.61
decimal,-73.71 + 57.04,-16.67,30.29,False,30.29
decimal,-8.57 - -59.69,51.12,-51.12,False,-51.12
decimal,24.83 + 83.1,107.93,108.93,False,108.93
decimal,56.02 - 60.99,-4.97,-4.97,True,-4.97
decimal,83.01 - 36.09,46.92,46.92,True,46.92
decimal,-4.29 - -35.0,30.71,-30.71,False,-30.71
decimal,-59.6 + 45.97,-13.63,5.37,False,5.37
decimal,37.18 + -79.21,-42.03,-42.03,True,-42.03
decimal,99.67 + -75.26,24.41,24.41,True,24.41
decimal,-39.64 - 7.36,-47.0,-46.99,False,-46.99
decimal,96.04 + 13.76,109.8,109.8,True,109.80
decimal,93.18 - 36.68,56.5,56.5,True,56.5
decimal,-53.1 + -98.74,-151.84,-141.84,False,-141.84
decimal,94.27 + 42.43,136.7,136.7,True,136.7
decimal,-62.56 - 1.87,-64.43,-64.43,True,-64.43
decimal,22.38 + 50.35,72.73,72.73,True,72.73
decimal,67.0 - -67.22,134.22,-0.22,False,-0.22
decimal,40.91 - 47.31,-6.4,-6.4,True,-6.4
decimal,-12.68 + 20.11,7.43,-7.57,False,-7.57
decimal,-1.29 - -33.58,32.29,-32.29,False,-32.29
decimal,-89.2 + -17.69,-106.89,-106.89,True,-106.89
decimal,14.67 + 24.85,39.52,39.52,True,39.52
decimal,54.26 - -93.79,148.05,60.47,False,60.47
decimal,30.42 + -52.62,-22.2,-22.2,True,-22.2
decimal,11.0 + 66.64,77.64,77.64,True,77.64
decimal,-24.2 - 97.74,-121.94,-121.54,False,-121.54
decimal,-66.1 + 94.96,28.86,28.86,True,28.86
decimal,29.64 + 90.71,120.35,120.35,True,120.35
decimal,15.32 + -50.88,-35.56,-35.56,True,-35.56
decimal,87.36 + -60.69,26.67,26.67,True,26.67
decimal,29.08 + -21.03,8.05,8.05,True,8.05
decimal,29.0 - -99.33,128.33,29.0,False,29.0 + 99.
decimal,94.87 + 92.58,187.45,187.45,True,187.45
decimal,-18.83 - -30.57,11.74,-12.26,False,-12.26
decimal,-76.87 - -13.16,-63.71,63.71,False,63.71
decimal,-87.21 - -62.9,-24.31,24.31,False,24.31
decimal,70.99 - 40.74,30.25,30.25,True,30.25
decimal,31.7 - -43.5,75.2,-12.8,False,-12.8
decimal,-77.8 - 99.06,-176.86,-121.86,False,-121.86
decimal,36.32 - -91.88,128.2,-55.56,False,-55.56
decimal,-84.28 + -65.39,-149.67,19.89,False,19.89
decimal,26.15 - -4.56,30.71,21.59,False,21.59
decimal,55.8 + 90.27,146.07,146.07,True,146.07
decimal,75.34 + -45.37,29.97,29.97,True,29.97
decimal,-0.45 + 31.03,30.58,30.58,True,30.58
decimal,39.87 - 51.41,-11.54,-11.54,True,-11.54
decimal,15.4 + 10.85,26.25,26.25,True,26.25
decimal,-69.51 - -80.74,11.23,11.77,False,11.77
decimal,90.54 + -6.6,83.94,83.94,True,83.94
decimal,45.97 - 55.65,-9.68,-9.68,True,-9.68
decimal,-22.71 - -74.58,51.87,-52.87,False,-52.87
decimal,-67.43 - -58.3,-9.13,9.13,False,9.13
decimal,96.44 - 28.55,67.89,67.89,True,67.89
decimal,-99.38 + -35.63,-135.01,-133.01,False,-133.01
decimal,-9.39 + 67.96,58.57,76.57,False,76.57
decimal,-97.03 - 32.52,-129.55,64.51,False,64.51
decimal,-57.21 + 34.42,-22.79,-22.79,True,-22.79
decimal,-35.7 - 48.31,-84.01,-83.01,False,-83.01
decimal,60.95 - 70.76,-9.81,-9.81,True,-9.81
decimal,36.36 - -54.89,91.25,-17.53,False,-17.53
decimal,18.51 - 83.64,-65.13,-65.13,True,-65.13
decimal,-9.92 + 90.66,80.74,80.74,True,80.74
decimal,91.94 + 54.65,146.59,146.59,True,146.59
decimal,-67.6 - -55.81,-11.79,11.79,False,11.79
decimal,42.07 - -10.9,52.97,31.17,False,31.17
decimal,-93.35 - -8.53,-84.82,84.82,False,84.82
decimal,-43.33 + 42.6,-0.73,0.97,False,0.97
decimal,75.36 - 34.7,40.66,40.66,True,40.66
decimal,49.75 - -9.99,59.74,59.74,True,59.74
decimal,-18.29 - -80.33,62.04,-2.04,False,-2.04
decimal,-76.24 - -51.05,-25.19,25.19,False,25.19
decimal,81.94 - -93.04,174.98,89.0,False,89
decimal,-47.15 - 70.23,-117.38,-123.38,False,-123.38
decimal,86.72 + -45.29,41.43,41.43,True,41.43
decimal,-27.26 - 3.75,-31.01,-31.01,True,-31.01
decimal,-94.24 - 67.84,-162.08,26.4,False,26.4
decimal,-22.01 - 64.75,-86.76,-86.76,True,-86.76
decimal,89.11 - -72.22,161.33,16.89,False,16.89
decimal,0.87 + -15.91,-15.04,-15.04,True,-15.04
decimal,70.88 + -49.27,21.61,21.61,True,21.61
decimal,54.04 - 79.36,-25.32,-25.32,True,-25.32
decimal,22.81 - 98.62,-75.81,-75.81,True,-75.81
decimal,-71.74 + -60.06,-131.8,-31.8,False,-31.8
decimal,-31.49 + -27.26,-58.75,4.23,False,4.23
decimal,57.94 + 48.07,106.01,106.01,True,106.01
decimal,35.57 + 36.72,72.29,72.29,True,72.29
decimal,-80.27 - -80.95,0.68,0.68,True,0.68
decimal,17.05 - 70.33,-53.28,-53.28,True,-53.28
decimal,43.49 - -51.25,94.74,-8.76,False,-8.76
decimal,91.43 + -8.53,82.9,82.9,True,82.9
decimal,-47.86 + -42.16,-90.02,-89.02,False,-89.02
decimal,31.4 - -59.56,90.96,-28.16,False,-28.16
decimal,-18.65 + -67.26,-85.91,-85.91,True,-85.91
decimal,2.11 + 37.9,40.01,40.01,True,40.01
decimal,-24.65 + 63.57,38.92,39.92,False,39.92
decimal,72.65 + 3.18,75.83,75.83,True,75.83
decimal,9.92 + 97.65,107.57,107.57,True,107.57
decimal,16.87 + 86.39,103.26,103.26,True,103.26
decimal,68.33 + 20.68,89.01,89.01,True,89.01
decimal,67.76 + 7.63,75.39,75.39,True,75.39
decimal,58.76 - 13.16,45.6,45.6,True,45.6
decimal,-98.43 + -35.08,-133.51,-133.51,True,-133.51
decimal,-89.77 - -29.99,-59.78,59.78,False,59.78
decimal,70.22 + -53.93,16.29,16.29,True,16.29
decimal,21.43 + -35.95,-14.52,-14.52,True,-14.52
decimal,-52.51 - -20.31,-32.2,32.2,False,32.2
decimal,-95.2 - 78.91,-174.11,16.29,False,16.29
decimal,-23.86 + -52.3,-76.16,-74.16,False,-74.16
decimal,89.45 - 37.95,51.5,51.5,True,51.5
decimal,-93.92 - -78.66,-15.26,15.26,False,15.26
decimal,58.34 + 28.0,86.34,86.34,True,86.34
decimal,-66.31 - 78.03,-144.34,-111.34,False,-111.34
decimal,-83.82 + 30.18,-53.64,113.99,False,113.99
decimal,66.05 - -61.49,127.54,4.56,False,4.56
decimal,-66.26 - 37.77,-104.03,28.49,False,28.49
decimal,19.98 - 20.59,-0.61,-0.61,True,-0.61
decimal,-37.17 + 26.96,-10.21,3.79,False,3.79
decimal,-32.41 + 50.93,18.52,23.52,False,23.52
decimal,31.84 - 92.2,-60.36,-60.36,True,-60.36
decimal,92.93 + -22.78,70.15,70.15,True,70.15
decimal,47.52 - 54.39,-6.87,-6.87,True,-6.87
decimal,18.18 - -99.43,117.61,18.18,False,18.18 + 99.
decimal,-65.0 + -99.75,-164.75,-124.75,False,-124.75
decimal,98.5 + -4.59,93.91,93.91,True,93.91
decimal,-32.4 + -94.88,-127.28,-123.28,False,-123.28
decimal,8.28 - 72.72,-64.44,-64.44,True,-64.44
decimal,-44.42 - 29.35,-73.77,15.07,False,15.07
decimal,87.06 + -12.11,74.95,74.95,True,74.95
decimal,-53.29 - -41.09,-12.2,12.2,False,12.2
decimal,-37.12 + -32.88,-70.0,4.24,False,4.24
decimal,-14.49 - 57.66,-72.15,-71.15,False,-71.15
decimal,33.31 - -90.81,124.12,142.12,False,142.12
decimal,49.3 - -96.72,146.02,-47.42,False,-47.42
decimal,31.95 + -20.55,11.4,11.4,True,11.4
decimal,27.13 + -54.75,-27.62,-27.62,True,-27.62
decimal,-98.19 + -99.39,-197.58,-197.58,True,-197.58
decimal,-55.46 + 48.25,-7.21,7.79,False,7.79
decimal,-93.37 - -60.1,-33.27,33.27,False,33.27
decimal,19.77 - 87.61,-67.84,-67.84,True,-67.84
decimal,60.2 + 10.62,70.82,70.82,True,70.82
decimal,-74.26 - 14.98,-89.24,-89.24,True,-89.24
decimal,14.93 - 35.55,-20.62,-20.62,True,-20.62
decimal,81.11 - 48.34,32.77,32.77,True,32.77
decimal,7.89 - 68.81,-60.92,-60.92,True,-60.92
decimal,-60.66 + 84.04,23.38,24.38,False,24.38
decimal,-30.6 + 71.21,40.61,40.61,True,40.61
decimal,56.44 - 57.1,-0.66,-0.66,True,-0.66
decimal,5.63 - 75.73,-70.1,-70.1,True,-70.1
decimal,-90.67 + 2.18,-88.49,-88.49,True,-88.49
decimal,-49.21 + -86.74,-135.95,-135.95,True,-135.95
decimal,43.09 - 10.04,33.05,33.05,True,33.05
decimal,-88.15 - -99.66,11.51,-10.51,False,-10.51
decimal,-60.06 - 61.28,-121.34,0.22,False,0.22
decimal,78.96 + 81.05,160.01,160.01,True,160.01
decimal,92.17 - 90.46,1.71,1.71,True,1.71
decimal,-15.08 - -22.7,7.62,7.32,False,7.32
decimal,63.83 - 8.48,55.35,55.35,True,55.35
decimal,75.42 + -55.87,19.55,19.55,True,19.55
decimal,86.04 + -98.83,-12.79,-12.79,True,-12.79
decimal,55.22 - 31.18,24.04,24.04,True,24.04
decimal,-65.9 + -20.09,-85.99,-85.99,True,-85.99
decimal,-11.57 - 23.06,-34.63,-33.63,False,-33.63
decimal,-48.23 + -67.21,-115.44,-119.44,False,-119.44
decimal,-78.77 - 3.82,-82.59,-82.59,True,-82.59
decimal,-7.66 + -71.52,-79.18,-79.18,True,-79.18
decimal,-98.52 - -53.61,-44.91,44.91,False,44.91
decimal,-92.9 + -76.31,-169.21,16.59,False,16.59
decimal,-77.44 + 41.74,-35.7,17.18,False,17.18
decimal,-2.94 - 42.36,-45.3,-44.3,False,-44.3
decimal,-45.63 + -40.94,-86.57,-86.57,True,-86.57
decimal,-89.75 - -96.87,7.12,-7.12,False,-7.12
decimal,-31.96 - 36.15,-68.11,-66.11,False,-66.11
decimal,-5.46 + -55.42,-60.88,-60.88,True,-60.88
decimal,-12.28 + -3.03,-15.31,-15.31,True,-15.31
decimal,-21.09 - 22.91,-44.0,-44.0,True,-44
decimal,75.48 + 22.1,97.58,97.58,True,97.58
decimal,-59.5 - 95.22,-154.72,-155.72,False,-155.72
decimal,64.29 + 35.76,100.05,100.05,True,100.05
decimal,-74.1 - -65.48,-8.62,8.62,False,8.62
decimal,-19.6 + 25.32,5.72,5.72,True,5.72
decimal,31.7 + -69.84,-38.14,-38.14,True,-38.14
decimal,58.39 - 23.7,34.69,34.69,True,34.69
decimal,-30.68 + -54.42,-85.1,-84.1,False,-84.1
decimal,42.13 - 91.22,-49.09,-49.09,True,-49.09
decimal,-59.0 + 22.42,-36.58,-36.58,True,-36.58
decimal,13.8 + 75.22,89.02,88.02,False,88.02
decimal,47.87 + 22.66,70.53,70.53,True,70.53
decimal,-57.43 - -80.46,23.03,-22.97,False,-22.97
decimal,-40.39 - -20.45,-19.94,19.94,False,19.94
decimal,26.33 + -68.48,-42.15,-42.15,True,-42.15
decimal,25.71 + 98.5,124.21,124.21,True,124.21
decimal,-38.63 + 70.61,31.98,31.98,True,31.98
decimal,36.36 + -11.84,24.52,24.52,True,24.52
decimal,28.47 - 16.66,11.81,11.81,True,11.81
decimal,-77.87 - 54.0,-131.87,23.87,False,23.87
decimal,13.59 + 13.08,26.67,26.67,True,26.67
decimal,8.57 - -37.88,46.45,-29.31,False,-29.31
decimal,68.03 - 49.31,18.72,18.72,True,18.72
decimal,50.48 + -66.57,-16.09,-16.09,True,-16.09
decimal,-38.76 + 77.22,38.46,38.98,False,38.98
decimal,-29.43 - 69.19,-98.62,-39.76,False,-39.76
decimal,3.71 + -33.85,-30.14,-30.14,True,-30.14
decimal,-72.3 + -81.18,-153.48,-109.48,False,-109.48
decimal,-3.25 + -42.77,-46.02,-45.02,False,-45.02
decimal,-68.84 - 10.51,-79.35,-79.35,True,-79.35
decimal,-65.31 - -44.18,-21.13,21.13,False,21.13
decimal,-22.28 + -32.08,-54.36,-54.36,True,-54.36
decimal,-67.61 + -86.69,-154.3,-114.3,False,-114.3
decimal,-62.11 + 72.67,10.56,10.56,True,10.56
decimal,-0.97 + -66.55,-67.52,-67.52,True,-67.52
decimal,-89.36 + -18.62,-107.98,-107.98,True,-107.98
decimal,-76.54 - 15.53,-92.07,-91.07,False,-91.07
decimal,51.18 + -63.54,-12.36,-12.36,True,-12.36
decimal,-84.38 - 77.8,-162.18,6.58,False,6.58
decimal,2.24 + -25.92,-23.68,-23.68,True,-23.68
decimal,-77.37 + -82.65,-160.02,-105.02,False,-105.02
decimal,81.02 + -50.58,30.44,30.44,True,30.44
decimal,47.5 + -55.15,-7.65,-7.65,True,-7.65
decimal,73.78 - -25.49,99.27,98.27,False,98.27
decimal,-30.28 - 58.6,-88.88,-88.88,True,-88.88
decimal,-18.93 - 15.26,-34.19,-3.67,False,-3.67
decimal,-32.94 - -83.14,50.2,-51.2,False,-51.2
decimal,2.63 + -12.87,-10.24,-10.24,True,-10.24
decimal,31.07 + -3.09,27.98,28.98,False,28.98
decimal,-61.06 + -30.71,-91.77,-91.77,True,-91.77
decimal,-89.24 + 14.42,-74.82,3.18,False,3.18
decimal,29.88 - -33.72,63.6,-4.84,False,-4.84
decimal,64.99 - 68.04,-3.05,-3.05,True,-3.05
decimal,-25.88 - 45.27,-71.15,-70.15,False,-70.15
decimal,-85.07 + 37.73,-47.34,1.12,False,1.12
decimal,11.4 + -42.74,-31.34,-31.34,True,-31.34
decimal,46.34 - 48.17,-1.83,-1.83,True,-1.83
decimal,71.47 + 85.57,157.04,157.04,True,157.04
decimal,16.1 + 95.85,111.95,111.95,True,111.95
decimal,22.33 - 73.98,-51.65,-51.65,True,-51.65
decimal,81.37 - 38.92,42.45,42.45,True,42.45
decimal,-90.61 + 52.19,-38.42,-38.42,True,-38.42
decimal,37.21 - -15.1,52.31,22.11,False,22.11
decimal,-63.58 - -98.59,35.01,-135.17,False,-135.17
decimal,27.84 - -29.94,57.78,-1.1,False,-1.1
decimal,30.27 + -99.4,-69.13,-69.13,True,-69.13
decimal,-4.82 - 97.45,-102.27,-101.97,False,-101.97
decimal,-95.16 + 63.34,-31.82,-31.82,True,-31.82
decimal,30.85 + -67.37,-36.52,-36.52,True,-36.52
decimal,15.21 - 33.6,-18.39,-18.39,True,-18.39
decimal,87.83 - 2.41,85.42,85.42,True,85.42
decimal,9.57 + 78.43,88.0,88.0,True,88
decimal,89.14 + 3.11,92.25,92.25,True,92.25
decimal,-81.59 + 89.01,7.42,7.42,True,7.42
decimal,71.95 + 25.08,97.03,96.03,False,96.03
decimal,-88.96 - -76.71,-12.25,12.25,False,12.25
decimal,-45.74 + -20.08,-65.82,-65.82,True,-65.82
decimal,-31.08 - 69.21,-100.29,-38.13,False,-38.13
decimal,63.64 + 57.38,121.02,121.02,True,121.02
decimal,-9.46 - -87.82,78.36,-78.36,False,-78.36
decimal,-25.32 - -64.77,39.45,-39.45,False,-39.45
decimal,93.95 - -18.35,112.3,116.3,False,116.3
decimal,-9.21 - -86.6,77.39,96.39,False,96.39
decimal,-64.78 + -29.18,-93.96,-93.96,True,-93.96
decimal,44.07 - -73.19,117.26,-28.12,False,-28.12
decimal,31.09 + -94.12,-63.03,-63.03,True,-63.03
decimal,-37.63 - 62.73,-100.36,-25.1,False,-25.1
decimal,-10.98 - -74.31,63.33,-84.29,False,-84.29
decimal,74.61 + 69.33,143.94,144.94,False,144.94
decimal,-50.09 + 39.92,-10.17,-10.17,True,-10.17
decimal,57.39 + -43.87,13.52,13.52,True,13.52
decimal,-59.3 + 23.74,-35.56,-35.56,True,-35.56
decimal,-26.36 - 38.69,-65.05,-12.33,False,-12.33
decimal,-29.65 + 50.5,20.85,20.85,True,20.85
decimal,91.59 + 21.9,113.49,113.49,True,113.49
decimal,28.08 + -7.02,21.06,21.06,True,21.06
decimal,-53.9 + 37.81,-16.09,11.01,False,11.01
decimal,58.68 - -59.88,118.56,18.8,False,18.8
decimal,41.49 - 94.79,-53.3,-53.3,True,-53.3
decimal,52.92 - -76.37,129.29,76.29,False,76.29
decimal,-85.72 - 46.78,-132.5,-132.5,True,-132.5
decimal,90.66 - 48.32,42.34,42.34,True,42.34
decimal,78.95 + -38.04,40.91,40.91,True,40.91
decimal,35.35 - 17.53,17.82,17.82,True,17.82
decimal,-50.34 - 53.86,-104.2,-103.2,False,-103.2
decimal,67.32 - 50.89,16.43,16.43,True,16.43
decimal,-97.21 - 42.8,-140.01,54.41,False,54.41
decimal,-51.5 + 60.27,8.77,9.77,False,9.77
decimal,69.56 - -3.74,73.3,65.82,False,65.82
decimal,-44.74 + -54.83,-99.57,-99.57,True,-99.57
decimal,56.74 - 32.68,24.06,23.06,False,23.06
decimal,5.55 - 72.78,-67.23,-67.23,True,-67.23
decimal,48.38 + 41.75,90.13,90.13,True,90.13
decimal,-4.12 + -4.0,-8.12,-0.12,False,-0.12
decimal,-35.91 + 28.42,-7.49,7.51,False,7.51
decimal,-68.96 + 93.92,24.96,22.96,False,22.96
decimal,38.81 - -44.64,83.45,-6.83,False,-6.83
decimal,-71.56 - -34.48,-37.08,37.08,False,37.08
decimal,-50.02 - 37.71,-87.73,-87.73,True,-87.73
decimal,94.16 + 33.13,127.29,127.29,True,127.29
decimal,-0.78 + -35.3,-36.08,-35.48,False,-35.48
decimal,-92.88 + -53.63,-146.51,-145.51,False,-145.51
decimal,67.29 + -27.84,39.45,-39.55,False,-39.55
decimal,-34.32 - -70.33,36.01,-36.05,False,-36.05
decimal,86.68 - -4.36,91.04,82.32,False,82.32
decimal,-88.45 - -87.55,-0.9,0.9,False,0.9
decimal,35.07 - 50.63,-15.56,-15.56,True,-15.56
decimal,73.54 + -73.22,0.32,0.32,True,0.32
decimal,-71.92 + -3.98,-75.9,-75.9,True,-75.9
decimal,-5.57 - 92.8,-98.37,-98.37,True,-98.37
decimal,0.48 - -28.26,28.74,28.74,True,28.74
decimal,61.65 - -45.45,107.1,16.2,False,16.2
decimal,66.35 - -75.93,142.28,-9.58,False,-9.58
decimal,-41.31 - -78.67,37.36,-18.36,False,-18.36
decimal,-71.32 - 37.11,-108.43,34.21,False,34.21
decimal,42.36 - -25.0,67.36,17.36,False,17.36
decimal,-96.01 - 50.39,-146.4,-145.4,False,-145.4
decimal,-70.02 + 84.67,14.65,14.65,True,14.65
decimal,-92.78 + 42.42,-50.36,35.2,False,35.2
decimal,93.29 - 12.73,80.56,80.56,True,80.56
decimal,-20.91 - 44.3,-65.21,-64.21,False,-64.21
decimal,-40.85 + -82.28,-123.13,-122.13,False,-122.13
decimal,-0.19 - -70.33,70.14,10.14,False,10.14
decimal,32.44 - 42.57,-10.13,-10.13,True,-10.13
decimal,3.48 + -40.09,-36.61,-36.61,True,-36.61
decimal,9.24 - 86.39,-77.15,-77.15,True,-77.15
decimal,-95.75 - 42.39,-138.14,-138.14,True,-138.14
decimal,96.21 + 10.81,107.02,107.02,True,107.02
decimal,94.32 - 87.29,7.03,7.03,True,7.03
decimal,-74.49 + 45.36,-29.13,19.89,False,19.89
decimal,9.92 + 81.76,91.68,91.68,True,91.68
decimal,79.07 + 97.99,177.06,177.06,True,177.06
decimal,-7.9 - -37.95,30.05,-30.05,False,-30.05
decimal,-71.44 + -97.33,-168.77,-168.77,True,-168.77
decimal,92.13 - -60.46,152.59,31.67,False,31.67
decimal,78.62 + 16.2,94.82,94.82,True,94.82
decimal,-24.5 - -12.59,-11.91,12.91,False,12.91
decimal,73.66 - -22.06,95.72,51.6,False,51.6
decimal,-37.41 + -64.96,-102.37,-87.37,False,-87.37
decimal,12.55 + 59.54,72.09,72.09,True,72.09
decimal,-9.85 - 61.07,-70.92,-70.92,True,-70.92
decimal,-78.94 - 63.53,-142.47,15.41,False,15.41
decimal,73.31 + -45.67,27.64,27.64,True,27.64
decimal,-38.68 - -72.95,34.27,-34.27,False,-34.27
decimal,44.93 - -54.99,99.92,-10.06,False,-10.06
decimal,-35.1 - 3.81,-38.91,-38.91,True,-38.91
decimal,72.75 + 48.55,121.3,121.3,True,121.3
decimal,93.2 - -43.8,137.0,49.4,False,49.4
decimal,-82.14 + -1.07,-83.21,-83.21,True,-83.21
decimal,36.69 + -10.32,26.37,26.37,True,26.37
decimal,-13.24 + -7.87,-21.11,-21.11,True,-21.11
decimal,-95.96 - -31.08,-64.88,64.88,False,64.88
decimal,-93.36 - -23.2,-70.16,70.16,False,70.16
decimal,5.99 + 99.31,105.3,105.3,True,105.3
decimal,73.24 - -55.08,128.32,18.16,False,18.16
decimal,50.06 + -17.52,32.54,32.54,True,32.54
decimal,55.76 + -9.61,46.15,46.15,True,46.15
decimal,14.46 + 55.28,69.74,69.74,True,69.74
decimal,50.27 + 75.41,125.68,125.68,True,125.68
decimal,7.17 + -36.08,-28.91,-28.91,True,-28.91
decimal,-3.59 - -10.15,6.56,6.46,False,6.46
decimal,-20.49 + -23.25,-43.74,-43.74,True,-43.74
decimal,-63.43 + 89.94,26.51,167.51,False,167.51
decimal,19.8 - -24.75,44.55,-5.95,False,-5.95
decimal,25.19 - -1.96,27.15,23.23,False,23.23
decimal,77.72 + -38.58,39.14,39.14,True,39.14
decimal,83.39 + -70.91,12.48,12.48,True,12.48
decimal,2.89 - -93.82,96.71,-91.93,False,-91.93
decimal,51.28 + 35.46,86.74,86.74,True,86.74
decimal,61.76 - -17.24,79.0,84.52,False,84.52
decimal,-5.77 + -21.39,-27.16,-26.16,False,-26.16
decimal,34.45 - -80.06,114.51,54.51,False,54.51
decimal,11.47 - -41.69,53.16,-30.22,False,-30.22
decimal,61.95 + -37.03,24.92,24.92,True,24.92
decimal,-54.35 + -34.52,-88.87,-88.87,True,-88.87
decimal,-92.92 - -38.37,-54.55,50.55,False,50.55
decimal,51.68 + 45.54,97.22,97.22,True,97.22
decimal,-36.88 - 26.66,-63.54,10.22,False,10.22
decimal,-2.29 - 85.13,-87.42,-87.42,True,-87.42
decimal,61.39 + -6.86,54.53,54.53,True,54.53
decimal,75.07 - 84.35,-9.28,-9.28,True,-9.28
decimal,-49.14 + -0.74,-49.88,-48.84,False,-48.84
decimal,-77.17 - 37.9,-115.07,-115.07,True,-115.07
decimal,91.71 + -33.71,58.0,57.0,False,57
decimal,-65.12 + 68.98,3.86,3.86,True,3.86
decimal,-91.79 - 7.34,-99.13,-99.13,True,-99.13
decimal,-35.62 - -73.84,38.22,-98.46,False,-98.46
decimal,-27.78 + -26.24,-54.02,1.54,False,1.54
decimal,10.48 - 8.35,2.13,2.13,True,2.13
decimal,-21.01 - -93.09,72.08,-112.1,False,-112.1
decimal,-79.4 + 27.78,-51.62,7.18,False,7.18
decimal,91.58 - 41.87,49.71,49.71,True,49.71
decimal,75.77 + -7.79,67.98,67.98,True,67.98
decimal,-2.07 + 76.74,74.67,74.67,True,74.67
decimal,48.62 - 3.23,45.39,45.39,True,45.39
decimal,91.93 - 85.36,6.57,6.57,True,6.57
decimal,-94.15 + 11.45,-82.7,5.3,False,5.3
decimal,-93.85 - 39.03,-132.88,-32.82,False,-32.82
decimal,-30.59 - 44.82,-75.41,-75.41,True,-75.41
decimal,-20.67 - 34.45,-55.12,-54.12,False,-54.12
decimal,97.72 + 33.97,131.69,131.69,True,131.69
decimal,-99.18 - 20.24,-119.42,-119.42,True,-119.42
decimal,-43.4 + -28.71,-72.11,-72.11,True,-72.11
decimal,-17.62 - -91.28,73.66,-113.9,False,-113.9
decimal,-82.01 + -22.97,-104.98,-104.98,True,-104.98
decimal,-71.72 - -78.97,7.25,-7.25,False,-7.25
decimal,8.01 + -49.28,-41.27,-41.27,True,-41.27
decimal,28.65 + 21.04,49.69,49.69,True,49.69
decimal,-5.04 + 60.07,55.03,54.03,False,54.03
decimal,-93.38 - 37.66,-131.04,-55.94,False,-55.94
decimal,55.66 - -3.06,58.72,52.6,False,52.6
decimal,9.59 - -46.28,55.87,-37.69,False,-37.69
decimal,85.29 + -1.63,83.66,83.66,True,83.66
decimal,8.7 + 25.46,34.16,34.16,True,34.16
decimal,75.61 + -56.07,19.54,19.54,True,19.54
decimal,11.85 - -81.98,93.83,-70.13,False,-70.13
decimal,-70.12 - -30.6,-39.52,39.52,False,39.52
decimal,4.67 - -1.06,5.73,3.61,False,3.61
decimal,-12.61 + 65.98,53.37,-12.61,False,-12.61 + 65.
decimal,-10.97 + -53.85,-64.82,-64.82,True,-64.82
decimal,-36.4 + -74.53,-110.93,-110.93,True,-110.93
decimal,42.14 + -81.92,-39.78,-39.78,True,-39.78
decimal,80.58 - -68.74,149.32,11.84,False,11.84
decimal,-32.9 + -73.39,-106.29,-106.29,True,-106.29
decimal,84.6 + -98.36,-13.76,-13.8,False,-13.8
decimal,47.4 - 37.07,10.33,10.33,True,10.33
decimal,19.93 + 95.96,115.89,115.89,True,115.89
decimal,-21.52 - 99.18,-120.7,-120.7,True,-120.7
decimal,48.25 + -22.64,25.61,25.61,True,25.61
decimal,-97.18 + -68.51,-165.69,28.67,False,28.67
decimal,-1.17 + 84.14,82.97,83.97,False,83.97
decimal,74.05 + 64.75,138.8,138.8,True,138.8
decimal,-65.24 + -91.18,-156.42,-116.42,False,-116.42
decimal,89.53 - -78.07,167.6,11.46,False,11.46
decimal,69.52 + 18.57,88.09,88.09,True,88.09
decimal,99.41 - -25.48,124.89,74.89,False,74.89
decimal,84.15 - -83.17,167.32,1.98,False,1.98
decimal,78.84 + 84.46,163.3,163.3,True,163.3
decimal,31.37 - -18.93,50.3,12.44,False,12.44
decimal,-14.28 - 63.93,-78.21,-77.21,False,-77.21
decimal,-11.55 + -36.73,-48.28,-48.28,True,-48.28
decimal,84.48 + 58.6,143.08,143.08,True,143.08
decimal,-99.44 - 14.07,-113.51,-113.51,True,-113.51
decimal,7.32 - 75.45,-68.13,-68.13,True,-68.13
decimal,-36.5 + 66.21,29.71,29.71,True,29.71
decimal,-52.39 - -18.24,-34.15,34.15,False,34.15
decimal,-44.44 - -92.37,47.93,-48.13,False,-48.13
decimal,-57.2 + -92.55,-149.75,-139.75,False,-139.75
decimal,-36.83 + 49.12,12.29,13.29,False,13.29
decimal,93.42 + -38.41,55.01,54.01,False,54.01
decimal,-96.24 + 13.13,-83.11,109.37,False,109.37
decimal,78.18 + 48.36,126.54,126.54,True,126.54
decimal,37.27 - -84.16,121.43,-47.89,False,-47.89
decimal,-18.33 - 66.4,-84.73,-84.73,True,-84.73
decimal,-71.48 - -93.0,21.52,-22.52,False,-22.52
decimal,-63.75 - -21.69,-42.06,-42.06,True,-42.06
decimal,-86.61 - 92.77,-179.38,-106.38,False,-106.38
decimal,-65.44 + -47.57,-113.01,17.87,False,17.87
decimal,61.27 - 72.27,-11.0,-11.0,True,-11
decimal,-2.99 + -98.37,-101.36,-101.36,True,-101.36
decimal,-40.15 - -12.58,-27.57,27.57,False,27.57
decimal,-83.87 + -26.8,-110.67,-110.67,True,-110.67
decimal,34.74 - 18.39,16.35,16.35,True,16.35
decimal,90.32 + 59.48,149.8,149.8,True,149.80
decimal,25.27 + -6.31,18.96,19.96,False,19.96
decimal,27.76 - -54.18,81.94,-26.42,False,-26.42
decimal,24.11 + -34.11,-10.0,-9.99,False,-9.99
decimal,22.87 - 31.92,-9.05,-9.05,True,-9.05
decimal,32.9 + 74.23,107.13,107.13,True,107.13
decimal,37.97 + 76.14,114.11,114.11,True,114.11
decimal,86.87 - 56.46,30.41,30.41,True,30.41
decimal,55.26 + 30.6,85.86,85.86,True,85.86
decimal,-28.02 - 75.61,-103.63,-103.63,True,-103.63
decimal,7.76 + -66.02,-58.26,-58.26,True,-58.26
decimal,-16.08 - -27.03,10.95,12.05,False,12.05
decimal,72.15 - -28.15,100.3,44.0,False,44
decimal,21.22 - 2.34,18.88,19.88,False,19.88
decimal,89.12 - 57.66,31.46,31.46,True,31.46
decimal,-28.83 + -46.38,-75.21,-74.21,False,-74.21
decimal,95.4 - -20.73,116.13,114.13,False,114.13
decimal,-6.34 - -97.81,91.47,-91.47,False,-91.47
decimal,-79.26 + -88.54,-167.8,-109.8,False,-109.8
decimal,-58.5 + 49.3,-9.2,7.8,False,7.8
decimal,63.26 + -15.38,47.88,47.88,True,47.88
decimal,-20.1 - 10.66,-30.76,9.44,False,9.44
decimal,-11.68 - 74.48,-86.16,-84.16,False,-84.16
decimal,77.63 - 20.07,57.56,57.56,True,57.56
decimal,57.51 + 66.5,124.01,124.01,True,124.01
decimal,34.4 - 99.3,-64.9,-64.9,True,-64.9
decimal,-64.92 + -83.6,-148.52,-108.52,False,-108.52
decimal,84.19 - -38.42,122.61,45.77,False,45.77
decimal,54.65 - 71.13,-16.48,-16.48,True,-16.48
decimal,-69.06 + -78.7,-147.76,-109.76,False,-109.76
decimal,-49.03 + -94.01,-143.04,-143.04,True,-143.04
decimal,-50.89 + 79.3,28.41,28.41,True,28.41
decimal,-16.26 - -75.05,58.79,-59.79,False,-59.79
decimal,52.48 - 83.36,-30.88,-30.88,True,-30.88
decimal,55.96 + 94.93,150.89,150.89,True,150.89
decimal,-47.38 - 19.65,-67.03,-67.03,True,-67.03
decimal,-23.28 + 22.81,-0.47,0.53,False,0.53
decimal,83.19 - -13.01,96.2,70.18,False,70.18
decimal,72.67 + 64.22,136.89,136.89,True,136.89
decimal,-9.82 - -28.48,18.66,22.66,False,22.66
decimal,-41.31 - -86.53,45.22,-45.22,False,-45.22
decimal,17.03 + 57.18,74.21,74.21,True,74.21
decimal,99.63 - 83.62,16.01,15.01,False,15.01
decimal,33.94 - -40.43,74.37,-6.49,False,-6.49
decimal,80.18 - -89.99,170.17,-8.81,False,-8.81
decimal,-16.79 + -58.96,-75.75,-77.75,False,-77.75
decimal,54.95 + -6.24,48.71,48.71,True,48.71
decimal,-32.55 - 9.31,-41.86,-41.86,True,-41.86
decimal,-94.54 - -49.24,-45.3,45.3,False,45.3
decimal,-86.13 - -61.82,-24.31,24.31,False,24.31
decimal,-4.75 - 91.86,-96.61,-96.61,True,-96.61
decimal,31.05 - 2.3,28.75,28.75,True,28.75
decimal,-19.09 + -83.48,-102.57,-102.57,True,-102.57
decimal,87.91 + -91.48,-3.57,-3.57,True,-3.57
decimal,-70.33 + 11.78,-58.55,-58.55,True,-58.55
decimal,-38.51 - 59.6,-98.11,-117.11,False,-117.11
decimal,-3.62 + 74.67,71.05,78.05,False,78.05
decimal,62.26 - -88.08,150.34,-25.82,False,-25.82
decimal,97.97 - 47.35,50.62,50.62,True,50.62
decimal,62.39 - 42.1,20.29,20.29,True,20.29
decimal,-11.77 + -29.78,-41.55,-40.55,False,-40.55
decimal,75.76 + -44.1,31.66,31.66,True,31.66
decimal,26.35 - 97.85,-71.5,-71.5,True,-71.5
decimal,79.89 - 76.25,3.64,3.64,True,3.64
decimal,-46.88 + 96.8,49.92,50.92,False,50.92
decimal,78.72 + 24.62,103.34,103.34,True,103.34
decimal,-29.45 + 23.08,-6.37,-6.37,True,-6.37
decimal,-24.17 - 50.04,-74.21,-74.21,True,-74.21
decimal,-66.16 - 39.01,-105.17,27.15,False,27.15
decimal,63.99 - -88.69,152.68,176.68,False,176.68
decimal,-99.88 + 3.43,-96.45,-96.45,True,-96.45
decimal,81.34 - -6.13,87.47,75.21,False,75.21
decimal,-48.84 - -70.16,21.32,18.32,False,18.32
decimal,6.0 + -98.05,-92.05,-92.05,True,-92.05
decimal,51.47 + 80.83,132.3,132.3,True,132.30
decimal,-77.09 + -44.13,-121.22,-21.96,False,-21.96
decimal,77.11 - -22.16,99.27,55.95,False,55.95
decimal,-25.59 - 87.0,-112.59,-112.59,True,-112.59
decimal,22.15 + 84.01,106.16,106.16,True,106.16
decimal,39.52 - -63.27,102.79,-24.75,False,-24.75
decimal,94.46 - -71.44,165.9,23.02,False,23.02
decimal,50.45 - -4.9,55.35,45.55,False,45.55
decimal,51.01 - -45.85,96.86,5.16,False,5.16
decimal,-97.7 - -31.89,-65.81,65.91,False,65.91
decimal,-58.76 + -50.58,-109.34,-8.18,False,-8.18
decimal,-14.42 + 7.33,-7.09,1.47,False,1.47
decimal,-60.68 - -30.41,-30.27,30.27,False,30.27
decimal,-21.42 - 80.33,-101.75,-101.75,True,-101.75
decimal,34.2 - 45.01,-10.81,-10.81,True,-10.81
decimal,20.44 - -47.18,67.62,-26.74,False,-26.74
decimal,-24.17 + 19.76,-4.41,-4.41,True,-4.41
decimal,86.24 - 37.47,48.77,48.77,True,48.77
decimal,-65.37 + 13.09,-52.28,-52.28,True,-52.28
decimal,28.73 + 26.53,55.26,55.26,True,55.26
decimal,79.77 + -25.52,54.25,54.25,True,54.25
decimal,-32.4 + 17.62,-14.78,49.02,False,49.02
decimal,19.99 + 19.91,39.9,39.9,True,39.9
decimal,-40.53 - 87.11,-127.64,-126.64,False,-126.64
decimal,52.73 + 25.35,78.08,78.08,True,78.08
decimal,90.81 - 9.15,81.66,81.66,True,81.66
decimal,29.94 - 54.05,-24.11,-24.11,True,-24.11
decimal,68.67 + -10.06,58.61,58.61,True,58.61
decimal,-57.47 - -88.26,30.79,-31.79,False,-31.79
decimal,82.51 + -18.41,64.1,64.1,True,64.1
decimal,2.89 + -4.48,-1.59,-1.59,True,-1.59
decimal,16.73 + 63.97,80.7,80.7,True,80.7
decimal,85.37 + 69.62,154.99,155.0,False,155
decimal,-21.22 + 19.5,-1.72,-1.72,True,-1.72
decimal,-15.89 + 94.3,78.41,18.41,False,18.41
decimal,86.62 + 26.99,113.61,113.61,True,113.61
decimal,-41.82 + -45.5,-87.32,-85.32,False,-85.32
decimal,89.54 - -9.12,98.66,80.42,False,80.42
decimal,72.9 + 11.37,84.27,84.27,True,84.27
decimal,-10.75 + 59.39,48.64,68.64,False,68.64
decimal,-45.13 - 73.56,-118.69,-128.69,False,-128.69
decimal,-86.93 + 24.12,-62.81,11.05,False,11.05
decimal,-15.77 - 24.94,-40.71,-49.71,False,-49.71
decimal,20.15 + -39.06,-18.91,-18.91,True,-18.91
decimal,-30.15 + -64.94,-95.09,-94.09,False,-94.09
decimal,57.86 + 80.21,138.07,138.07,True,138.07
decimal,80.6 + 11.83,92.43,92.43,True,92.43
decimal,55.95 + 37.51,93.46,93.46,True,93.46
decimal,81.27 + -18.73,62.54,62.54,True,62.54
decimal,49.63 - 65.13,-15.5,-15.5,True,-15.5
decimal,91.15 + -55.0,36.15,36.15,True,36.15
decimal,45.02 - -46.23,91.25,-1.21,False,-1.21
decimal,-60.57 + 53.8,-6.77,13.23,False,13.23
decimal,85.51 - 23.56,61.95,61.95,True,61.95
decimal,12.12 - 22.42,-10.3,-10.3,True,-10.3
decimal,-56.66 - -70.18,13.52,-14.52,False,-14.52
decimal,93.94 - 89.78,4.16,4.16,True,4.16
decimal,54.55 + 78.15,132.7,132.7,True,132.7
decimal,17.25 - 11.31,5.94,5.94,True,5.94
decimal,37.14 - 7.95,29.19,29.19,True,29.19
decimal,-21.53 + 48.99,27.46,27.46,True,27.46
decimal,-49.37 + -31.4,-80.77,17.97,False,17.97
decimal,-31.28 + -28.69,-59.97,2.59,False,2.59
decimal,71.24 + -78.78,-7.54,-7.54,True,-7.54
decimal,-33.28 - -99.5,66.22,66.78,False,66.78
decimal,-21.21 + 21.42,0.21,0.21,True,0.21
decimal,52.49 + -16.37,36.12,36.12,True,36.12
decimal,-2.52 + 50.96,48.44,48.44,True,48.44
decimal,-92.15 - 95.9,-188.05,-104.05,False,-104.05
decimal,-75.08 - -35.67,-39.41,39.41,False,39.41
decimal,-58.16 - 79.7,-137.86,-121.86,False,-121.86
decimal,5.98 - 61.51,-55.53,-55.53,True,-55.53
decimal,-99.62 + -80.62,-180.24,-179.24,False,-179.24
decimal,11.33 - 19.93,-8.6,-8.6,True,-8.6
decimal,-88.33 + 97.93,9.6,106.26,False,106.26
decimal,52.34 + 0.13,52.47,52.47,True,52.47
decimal,-16.77 + 19.32,2.55,2.55,True,2.55
decimal,-4.49 - 92.23,-96.72,-96.72,True,-96.72
decimal,-53.72 - 91.01,-144.73,-137.73,False,-137.73
decimal,92.87 + -87.86,5.01,4.01,False,4.01
decimal,-39.47 - 5.39,-44.86,-44.86,True,-44.86
decimal,-59.36 - 96.87,-156.23,-137.23,False,-137.23
decimal,97.21 - 16.08,81.13,81.13,True,81.13
decimal,94.36 + 36.73,131.09,131.09,True,131.09
decimal,-77.99 - -39.87,-38.12,37.12,False,37.12
decimal,-74.08 - 21.22,-95.3,-95.3,True,-95.3
